<?xml version="1.0" encoding="UTF-8"?>
<project-private xmlns="http://www.netbeans.org/ns/project-private/1">
    <editor-bookmarks xmlns="http://www.netbeans.org/ns/editor-bookmarks/2" lastBookmarkId="0"/>
    <open-files xmlns="http://www.netbeans.org/ns/projectui-open-files/2">
        <group>
            <file>file:/C:/Users/afsal/Documents/Library%20Assistant/src/resources/dark-theme.css</file>
            <file>file:/C:/Users/afsal/Documents/Library%20Assistant/src/library/assistant/database/DatabaseHandler.java</file>
            <file>file:/C:/Users/afsal/Documents/Library%20Assistant/src/resources/database/tables.xml</file>
            <file>file:/C:/Users/afsal/Documents/Library%20Assistant/src/library/assistant/util/LibraryAssistantUtil.java</file>
            <file>file:/C:/Users/afsal/Documents/Library%20Assistant/src/library/assistant/ui/main/MainController.java</file>
            <file>file:/C:/Users/afsal/Documents/Library%20Assistant/src/library/assistant/ui/main/toolbar/ToolbarController.java</file>
            <file>file:/C:/Users/afsal/Documents/Library%20Assistant/src/library/assistant/database/DataHelper.java</file>
        </group>
    </open-files>
</project-private>
